"","date","meantemp","humidity","wind_speed","meanpressure"
"1",2013-01-01,10,84.5,0,1015.66666666667
"2",2013-01-02,7.4,92,2.98,1017.8
"3",2013-01-03,7.16666666666667,87,4.63333333333333,1018.66666666667
"4",2013-01-04,8.66666666666667,71.3333333333333,1.23333333333333,1017.16666666667
"5",2013-01-05,6,86.8333333333333,3.7,1016.5
"6",2013-01-06,7,82.8,1.48,1018
"7",2013-01-07,7,78.6,6.3,1020
"8",2013-01-08,8.85714285714286,63.7142857142857,7.14285714285714,1018.71428571429
"9",2013-01-09,14,51.25,12.5,1017
"10",2013-01-10,11,62,7.4,1015.66666666667
"11",2013-01-11,15.7142857142857,51.2857142857143,10.5714285714286,1016.14285714286
"12",2013-01-12,14,74,13.2285714285714,1015.57142857143
"13",2013-01-13,15.8333333333333,75.1666666666667,4.63333333333333,1013.33333333333
"14",2013-01-14,12.8333333333333,88.1666666666667,0.616666666666667,1015.16666666667
"15",2013-01-15,14.7142857142857,71.8571428571429,0.528571428571429,1015.85714285714
"16",2013-01-16,13.8333333333333,86.6666666666667,0,1016.66666666667
"17",2013-01-17,16.5,80.8333333333333,5.25,1015.83333333333
"18",2013-01-18,13.8333333333333,92.1666666666667,8.95,1014.5
"19",2013-01-19,12.5,76.6666666666667,5.88333333333333,1021.66666666667
"20",2013-01-20,11.2857142857143,75.2857142857143,8.47142857142857,1020.28571428571
"21",2013-01-21,11.2,77,2.22,1021
"22",2013-01-22,9.5,79.6666666666667,3.08333333333333,1021.8
"23",2013-01-23,14,60.1666666666667,4.01666666666667,1020.5
"24",2013-01-24,13.8333333333333,60.6666666666667,6.16666666666667,1020.5
"25",2013-01-25,12.25,67,5.55,1020.75
"26",2013-01-26,12.6666666666667,64.1666666666667,6.8,1019.66666666667
"27",2013-01-27,12.8571428571429,65.5714285714286,5.55714285714286,1018.14285714286
"28",2013-01-28,14.8333333333333,56,3.7,1017.83333333333
"29",2013-01-29,14.125,65.5,3.2375,1016.625
"30",2013-01-30,14.7142857142857,70.4285714285714,1.05714285714286,1017.85714285714
"31",2013-01-31,16.2,65.6,2.96,1018.4
"32",2013-02-01,16,73,2.22,1016
"33",2013-02-02,16.2857142857143,77.5714285714286,1.32857142857143,1017.14285714286
"34",2013-02-03,18,65.5714285714286,1.85714285714286,1015.28571428571
"35",2013-02-04,17.4285714285714,74.2857142857143,11.1142857142857,1014.57142857143
"36",2013-02-05,16.625,92.375,9.725,1016.375
"37",2013-02-06,16.6666666666667,71.3333333333333,8.63333333333333,1018.66666666667
"38",2013-02-07,15.6,59.4,10.74,1018.6
"39",2013-02-08,14,70.4285714285714,9.25714285714286,1017.14285714286
"40",2013-02-09,15.4285714285714,61.2857142857143,9.25714285714286,1016.85714285714
"41",2013-02-10,15.25,71.5,3.475,1017.125
"42",2013-02-11,15.875,70.5,5.325,1016.5
"43",2013-02-12,15.3333333333333,70.3333333333333,7.41666666666667,1017.5
"44",2013-02-13,16.2857142857143,70.1428571428571,6.08571428571429,1016
"45",2013-02-14,17.3333333333333,63.8333333333333,4.33333333333333,1014.16666666667
"46",2013-02-15,19.1666666666667,65.3333333333333,10.1833333333333,1011.66666666667
"47",2013-02-16,14.4285714285714,92.7142857142857,8.48571428571429,1008
"48",2013-02-17,13.6666666666667,90,0,1012.66666666667
"49",2013-02-18,15.6,78.4,12.22,1016.2
"50",2013-02-19,15.8571428571429,82,5.81428571428571,1015.71428571429
"51",2013-02-20,17.7142857142857,74.7142857142857,5.81428571428571,1017
"52",2013-02-21,20,67.2857142857143,6.61428571428571,1015.42857142857
"53",2013-02-22,20.5,65.625,10.875,1016
"54",2013-02-23,17.4285714285714,74.8571428571429,9.25714285714286,1017
"55",2013-02-24,16.8571428571429,78.8571428571429,7.4,1018.85714285714
"56",2013-02-25,16.875,72.875,4.6375,1018.25
"57",2013-02-26,17.8571428571429,70,17.5875,1015.14285714286
"58",2013-02-27,20.8,57.2,6.66,1015.2
"59",2013-02-28,19.4285714285714,52.8571428571429,12.9571428571429,1017.42857142857
"60",2013-03-01,17.3333333333333,49.3333333333333,24.0666666666667,1016.33333333333
"61",2013-03-02,19,54,15.725,1016.25
"62",2013-03-03,19.3333333333333,62.8333333333333,8.63333333333333,1016.16666666667
"63",2013-03-04,17.6,71,5.56,1015.8
"64",2013-03-05,20.875,61.875,4.1625,1016.375
"65",2013-03-06,20.8571428571429,65.2857142857143,6.87142857142857,1015.71428571429
"66",2013-03-07,23.4285714285714,57.1428571428571,8.72857142857143,1015.28571428571
"67",2013-03-08,24.1666666666667,44.8333333333333,7.1,1014.83333333333
"68",2013-03-09,25.4285714285714,49.7142857142857,5.28571428571429,1009.28571428571
"69",2013-03-10,23.1428571428571,57.5714285714286,4.22857142857143,1008
"70",2013-03-11,24,66.3333333333333,0.933333333333333,1011.16666666667
"71",2013-03-12,23.5,62.5,4.93333333333333,1011.5
"72",2013-03-13,21.5,70.5,5.55,1009
"73",2013-03-14,22.3333333333333,61.1666666666667,12.0333333333333,1013.16666666667
"74",2013-03-15,24.1666666666667,45.8333333333333,7.71666666666667,1016.16666666667
"75",2013-03-16,20.3333333333333,67.6666666666667,3.7,1016.16666666667
"76",2013-03-17,22.6666666666667,58.6666666666667,8.95,1015
"77",2013-03-18,23.4285714285714,58.1428571428571,17.4571428571429,1009.42857142857
"78",2013-03-19,22.5,73.6666666666667,10.4833333333333,1011
"79",2013-03-20,29.1666666666667,36.3333333333333,6.8,1009.5
"80",2013-03-21,23.8333333333333,58.5,10.5,1008.33333333333
"81",2013-03-22,25.25,50.25,9.7125,1006.375
"82",2013-03-23,27.375,50.125,9.95,1007.625
"83",2013-03-24,27,48.75,10.8875,1010.25
"84",2013-03-25,23.5,45.5,15.9625,1010.625
"85",2013-03-26,24.1428571428571,44.5714285714286,12.9571428571429,1008.85714285714
"86",2013-03-27,21,62,1.85,1009
"87",2013-03-28,22.4285714285714,62.7142857142857,7.41428571428572,1009.57142857143
"88",2013-03-29,21.25,70.375,5.55,1009.75
"89",2013-03-30,23.5,54.75,11.1125,1008.625
"90",2013-03-31,23.2,58,6.66,1008.6
"91",2013-04-01,25.375,45.5,4.4,1008.5
"92",2013-04-02,25.1666666666667,51,8.65,1009.5
"93",2013-04-03,26.2,45.6,8.14,1009
"94",2013-04-04,24.6,41.8,11.12,1007.8
"95",2013-04-05,25.6,31,15.56,1007
"96",2013-04-06,25.8571428571429,29.8571428571429,11.9,1006.14285714286
"97",2013-04-07,29.1428571428571,23.2857142857143,10.3142857142857,1005
"98",2013-04-08,28.7142857142857,33.8571428571429,5.3,1006
"99",2013-04-09,30.1666666666667,30.5,8.65,1005.33333333333
"100",2013-04-10,30,28,6.1,1006.71428571429
"101",2013-04-11,30,24.2,7.78,1006.4
"102",2013-04-12,28.8571428571429,32.5714285714286,6.34285714285714,1007.57142857143
"103",2013-04-13,30.2,29.2,10,1008.4
"104",2013-04-14,28.25,39.375,6.4875,1007
"105",2013-04-15,28.25,41.375,6.25,1003.875
"106",2013-04-16,32.125,24.625,10.425,1000
"107",2013-04-17,29.2,24.2,6.66,1002.2
"108",2013-04-18,30.2857142857143,30.2857142857143,4.75714285714286,1002.85714285714
"109",2013-04-19,28.2857142857143,31.2857142857143,3.97142857142857,1002.57142857143
"110",2013-04-20,30.625,29,7.6375,1003.375
"111",2013-04-21,27.6666666666667,38.6666666666667,13.8833333333333,1006.83333333333
"112",2013-04-22,27.375,45.375,7.65,1010
"113",2013-04-23,28.625,44.125,4.625,1009.875
"114",2013-04-24,30.2857142857143,41.7142857142857,2.11428571428571,1008.57142857143
"115",2013-04-25,31.1428571428571,38.2857142857143,3.7,1007.71428571429
"116",2013-04-26,29.875,45.875,6.7125,1008.375
"117",2013-04-27,31.1428571428571,31.4285714285714,13.4857142857143,1007
"118",2013-04-28,30.5714285714286,28,12.9714285714286,1005.42857142857
"119",2013-04-29,32.125,26.375,7.875,1004.875
"120",2013-04-30,31.1428571428571,32,7.92857142857143,1004.85714285714
"121",2013-05-01,31.8571428571429,15.8571428571429,12.6857142857143,1002.83333333333
"122",2013-05-02,29.8333333333333,22.1666666666667,11.4333333333333,1001.2
"123",2013-05-03,28.5714285714286,31.5714285714286,9,999.428571428571
"124",2013-05-04,32.8571428571429,31.4285714285714,2.91428571428571,999
"125",2013-05-05,32.625,31.125,3.0125,1000.625
"126",2013-05-06,32.75,39.25,3.7,1001.625
"127",2013-05-07,32.875,33.25,7.175,1002
"128",2013-05-08,34.5,23,9.25,1001.16666666667
"129",2013-05-09,34.2857142857143,26,8.98571428571428,1000.85714285714
"130",2013-05-10,34,27.7142857142857,9.52857142857143,1000.14285714286
"131",2013-05-11,30.75,30.375,14.8125,999.875
"132",2013-05-12,29.8571428571429,40.1428571428571,5.82857142857143,1003.71428571429
"133",2013-05-13,31.7142857142857,34,3.97142857142857,1003.57142857143
"134",2013-05-14,32.2857142857143,34.2857142857143,4.77142857142857,1001.57142857143
"135",2013-05-15,33,33,3.2375,999.857142857143
"136",2013-05-16,33,34.75,7.175,998.5
"137",2013-05-17,32.8333333333333,28.1666666666667,9.86666666666667,1000.33333333333
"138",2013-05-18,31.4,42.2,12.9666666666667,999
"139",2013-05-19,35.3333333333333,22.3333333333333,15.75,999.666666666667
"140",2013-05-20,36.4,24.2,7.4,998.4
"141",2013-05-21,36,19,11.3714285714286,998.666666666667
"142",2013-05-22,36.75,22.125,17.5875,998.625
"143",2013-05-23,37.5,23.3333333333333,13.5666666666667,997.166666666667
"144",2013-05-24,38.4285714285714,27.4285714285714,11.3857142857143,996.428571428571
"145",2013-05-25,38.7142857142857,22.4285714285714,10.3142857142857,998.142857142857
"146",2013-05-26,37.8,21.2,10.74,998.2
"147",2013-05-27,35.8571428571429,31.5714285714286,8.72857142857143,999.142857142857
"148",2013-05-28,35.3333333333333,29,8.33333333333333,1000.16666666667
"149",2013-05-29,34.1428571428571,27.8571428571429,5.55714285714286,999.428571428571
"150",2013-05-30,32.2,28.2,5.56,999.6
"151",2013-05-31,33.625,40.125,10.6375,998.714285714286
"152",2013-06-01,32,54,13.4375,998.75
"153",2013-06-02,32.4,56.6,14.2,1001
"154",2013-06-03,35.6,47,12.24,999.6
"155",2013-06-04,35.8571428571429,42.5714285714286,5.02857142857143,999.857142857143
"156",2013-06-05,37.1666666666667,36.5,9.86666666666666,998
"157",2013-06-06,31.2857142857143,61.7142857142857,10.0428571428571,997.285714285714
"158",2013-06-07,34,49.25,7.4125,998
"159",2013-06-08,34.2,57.4,13.34,997
"160",2013-06-09,36.1666666666667,40,11.4166666666667,995.166666666667
"161",2013-06-10,36.625,42.75,8.1,995.125
"162",2013-06-11,30.1666666666667,61.6666666666667,16.35,1000
"163",2013-06-12,34.1428571428571,54.1428571428571,7.41428571428572,998
"164",2013-06-13,29.8333333333333,68.6666666666667,9.86666666666666,998.666666666667
"165",2013-06-14,30.1428571428571,68.1428571428571,7.94285714285714,997.428571428571
"166",2013-06-15,30.7142857142857,65,13.2285714285714,997.857142857143
"167",2013-06-16,27,88.8571428571429,8.48571428571429,996.428571428571
"168",2013-06-17,26.875,87.375,8.3375,994.75
"169",2013-06-18,28.4,83.6,5.18,996.4
"170",2013-06-19,29.8571428571429,72.8571428571429,4.22857142857143,999
"171",2013-06-20,33,52.7142857142857,4.77142857142857,997.166666666667
"172",2013-06-21,34.8333333333333,47.3333333333333,5.86666666666667,995.333333333333
"173",2013-06-22,35.6,39.4,10.74,996.2
"174",2013-06-23,35.1666666666667,53,8.35,995.666666666667
"175",2013-06-24,33.1428571428571,55,13.2285714285714,996.285714285714
"176",2013-06-25,30.5714285714286,70.4285714285714,11.1142857142857,999.166666666667
"177",2013-06-26,30.6666666666667,71.5,6.48333333333333,999
"178",2013-06-27,31.4285714285714,61.8571428571429,7.95714285714286,996.714285714286
"179",2013-06-28,31.5,64.25,8.8125,996
"180",2013-06-29,33.25,57,13.875,995.25
"181",2013-06-30,32.8333333333333,52.1666666666667,10.5,997.166666666667
"182",2013-07-01,33.8571428571429,54,8.72857142857143,996.428571428571
"183",2013-07-02,33.1428571428571,58.2857142857143,9.8,996
"184",2013-07-03,31.5714285714286,70,6.35714285714286,997.571428571429
"185",2013-07-04,32.375,67.5,9.25,997
"186",2013-07-05,32.8,62.2,12.96,997.8
"187",2013-07-06,31,73.1428571428571,11.3714285714286,1000.57142857143
"188",2013-07-07,31.1666666666667,77.3333333333333,7.1,1000.16666666667
"189",2013-07-08,29.8333333333333,75.1666666666667,6.48333333333333,997.5
"190",2013-07-09,29,78.8333333333333,8.01666666666667,996.833333333333
"191",2013-07-10,29.75,75.375,6.4875,995.75
"192",2013-07-11,32.5,65.5,7.11666666666667,997.333333333333
"193",2013-07-12,28.875,86.625,5.5625,1000
"194",2013-07-13,31.75,70.25,12.0625,998.875
"195",2013-07-14,30.75,71.625,4.8125,997.375
"196",2013-07-15,31.75,73.25,13.5375,998.375
"197",2013-07-16,29.875,83.875,9,999
"198",2013-07-17,31.125,78.375,8.65,998
"199",2013-07-18,31.75,76,5.55,995
"200",2013-07-19,30.5,73.5,9.26666666666667,995.333333333333
"201",2013-07-20,26.8333333333333,90.6666666666667,4.93333333333333,999.166666666667
"202",2013-07-21,28.2,88,2.24,996.4
"203",2013-07-22,29.5,80.3333333333333,4.33333333333333,996.833333333333
"204",2013-07-23,31.8571428571429,70.7142857142857,3.97142857142857,998
"205",2013-07-24,29.7142857142857,84.1428571428571,3.97142857142857,997.142857142857
"206",2013-07-25,28.3333333333333,84.5,8.01666666666667,995.166666666667
"207",2013-07-26,30,73.8571428571429,5.57142857142857,995.428571428571
"208",2013-07-27,30.1428571428571,79,4.22857142857143,997.285714285714
"209",2013-07-28,32.2857142857143,67.4285714285714,6.08571428571429,998.142857142857
"210",2013-07-29,31,77.4285714285714,4.77142857142857,997.142857142857
"211",2013-07-30,30.5,75.6666666666667,8.01666666666667,996.5
"212",2013-07-31,28.8333333333333,78.5,9.86666666666666,996.666666666667
"213",2013-08-01,30,73.5,5.55,998
"214",2013-08-02,31.5714285714286,66.4285714285714,11.1142857142857,999.428571428571
"215",2013-08-03,32.5,62.3333333333333,10.8166666666667,1000.83333333333
"216",2013-08-04,32.5,62.5,5.1,993.25
"217",2013-08-05,29.5,77,6.78333333333333,1001
"218",2013-08-06,27.1666666666667,90.6666666666667,4.01666666666667,1002.16666666667
"219",2013-08-07,28.375,85.25,3.25,1001.875
"220",2013-08-08,28.5,84,6.16666666666667,1000.5
"221",2013-08-09,27.1666666666667,87.5,3.71666666666667,1001
"222",2013-08-10,29.4285714285714,79.8571428571429,6.1,1000.33333333333
"223",2013-08-11,30,76.8333333333333,6.8,1001.16666666667
"224",2013-08-12,29.5,81.5,8.35,1001
"225",2013-08-13,30.75,72,11.125,999.25
"226",2013-08-14,29.6666666666667,74.3333333333333,9.86666666666667,999.833333333333
"227",2013-08-15,27.7142857142857,85,8.2,1001.71428571429
"228",2013-08-16,26.6,92,4.46,1000.8
"229",2013-08-17,27.4285714285714,91,14.2857142857143,999.428571428571
"230",2013-08-18,28.3333333333333,83.8333333333333,1.23333333333333,1000.16666666667
"231",2013-08-19,28.1666666666667,84.6666666666667,5.55,1000.5
"232",2013-08-20,27.375,88.5,5.325,999
"233",2013-08-21,28.3333333333333,81.1666666666667,10.3142857142857,999.285714285714
"234",2013-08-22,29.1666666666667,74.8333333333333,6.48333333333333,1001.16666666667
"235",2013-08-23,31.2857142857143,73.1428571428571,2.64285714285714,1001.42857142857
"236",2013-08-24,32,71.25,18.525,1000.33333333333
"237",2013-08-25,29,90.75,0.925,998.75
"238",2013-08-26,32,69.875,6.475,997.857142857143
"239",2013-08-27,32.1428571428571,57.2857142857143,17.0714285714286,999.857142857143
"240",2013-08-28,30.1428571428571,60.7142857142857,11.6428571428571,1003.71428571429
"241",2013-08-29,31.5,57,9.275,1003.25
"242",2013-08-30,29.1666666666667,73,3.1,1003.5
"243",2013-08-31,29,71.75,4.65,1003.25
"244",2013-09-01,30,65.2,11.48,1003.2
"245",2013-09-02,31.8571428571429,50.8571428571429,15.3428571428571,1003.71428571429
"246",2013-09-03,32.75,45.5,14.8,1001.5
"247",2013-09-04,31.7142857142857,48,14.5428571428571,1002.16666666667
"248",2013-09-05,31.6666666666667,46,13.5666666666667,1001.5
"249",2013-09-06,30.5714285714286,55.7142857142857,10.0428571428571,1003.42857142857
"250",2013-09-07,30.8333333333333,51.8333333333333,6.78333333333333,1004.16666666667
"251",2013-09-08,28,71.75,2.325,1007.25
"252",2013-09-09,31,57.5,42.22,1007
"253",2013-09-10,29.6666666666667,66.3333333333333,3.7,1005.33333333333
"254",2013-09-11,30.8571428571429,61.1428571428571,3.97142857142857,1005.57142857143
"255",2013-09-12,31.1666666666667,60.3333333333333,2.78333333333333,1008.16666666667
"256",2013-09-13,31.1428571428571,67.1428571428571,3.17142857142857,1007.14285714286
"257",2013-09-14,30.5,67,2.78333333333333,1003.83333333333
"258",2013-09-15,31.625,56.375,3.9375,1001.375
"259",2013-09-16,29.6666666666667,60,7.1,1002.33333333333
"260",2013-09-17,29.25,56.5,3.475,1002.875
"261",2013-09-18,29.1428571428571,58.5714285714286,5.55714285714286,1003.14285714286
"262",2013-09-19,29.8,61.6,2.96,1001.8
"263",2013-09-20,28.6666666666667,70,9.58333333333333,1003
"264",2013-09-21,25.2,89,5.18,1003
"265",2013-09-22,28.3333333333333,79.6666666666667,3.08333333333333,1001.66666666667
"266",2013-09-23,30.2857142857143,68,4.5,1001
"267",2013-09-24,30.75,65.75,5.7875,1002.75
"268",2013-09-25,28.5714285714286,75,6.61428571428571,1005.42857142857
"269",2013-09-26,28.2,78.8,4.08,1006.6
"270",2013-09-27,29,71.25,7.4125,1005.625
"271",2013-09-28,30,67.3333333333333,1.23333333333333,1005.33333333333
"272",2013-09-29,28.1428571428571,79.8571428571429,5.55714285714286,1003.85714285714
"273",2013-09-30,26.8571428571429,84.5714285714286,4.22857142857143,1004.71428571429
"274",2013-10-01,28.2857142857143,68.7142857142857,6.37142857142857,1007.71428571429
"275",2013-10-02,29.2,61.4,7.42,1010
"276",2013-10-03,28.6,59,7.4,1008.6
"277",2013-10-04,24.8333333333333,84.3333333333333,6.78333333333333,1007.5
"278",2013-10-05,28.5,69,2.0875,1004.125
"279",2013-10-06,29.75,66.5,1.85,1005.25
"280",2013-10-07,29.7142857142857,66.5714285714286,1.58571428571429,1008.85714285714
"281",2013-10-08,29.2,69.4,0,1009.8
"282",2013-10-09,30.8333333333333,65.5,5.56666666666667,1010.33333333333
"283",2013-10-10,29.4285714285714,66.2857142857143,3.97142857142857,1010.85714285714
"284",2013-10-11,23.8571428571429,89.8571428571429,4.24285714285714,1010.57142857143
"285",2013-10-12,26.1428571428571,82.5714285714286,2.91428571428571,1008.28571428571
"286",2013-10-13,27.1666666666667,84.3333333333333,0.616666666666667,1007.66666666667
"287",2013-10-14,27.7142857142857,74.8571428571429,5.55714285714286,1007
"288",2013-10-15,25.8571428571429,76.4285714285714,3.7,1009.14285714286
"289",2013-10-16,26.4285714285714,75,0,1009
"290",2013-10-17,26.8571428571429,76.7142857142857,1.05714285714286,1010.42857142857
"291",2013-10-18,26.3333333333333,73.1666666666667,0,1010.5
"292",2013-10-19,24.5714285714286,69.5714285714286,2.11428571428571,1011.57142857143
"293",2013-10-20,24.3333333333333,67.8333333333333,1.55,1010.66666666667
"294",2013-10-21,24.875,63.625,1.3875,1009.875
"295",2013-10-22,27.8,53.6,0,1011
"296",2013-10-23,25,67.5,1.1625,1013.625
"297",2013-10-24,23.8571428571429,73.1428571428571,1.05714285714286,1013.28571428571
"298",2013-10-25,22.8,75.8,1.86,1011
"299",2013-10-26,23,78.2,0.74,1011.2
"300",2013-10-27,22.875,66.875,2.55,1010.625
"301",2013-10-28,22.6666666666667,63.1666666666667,4.93333333333333,1010
"302",2013-10-29,23,62.7142857142857,3.97142857142857,1011.14285714286
"303",2013-10-30,22.8571428571429,67.4285714285714,2.38571428571429,1012.85714285714
"304",2013-10-31,23.6666666666667,58.8333333333333,3.08333333333333,1012.83333333333
"305",2013-11-01,23.4285714285714,69.1428571428571,1.05714285714286,1013.28571428571
"306",2013-11-02,21.625,65,4.6375,1014.5
"307",2013-11-03,20.625,57.875,5.5625,1016
"308",2013-11-04,21.1666666666667,54.1666666666667,2.46666666666667,1017.5
"309",2013-11-05,18.8333333333333,74.3333333333333,0,1017.5
"310",2013-11-06,20.5714285714286,66.7142857142857,3.18571428571429,1015.85714285714
"311",2013-11-07,20.1428571428571,73.1428571428571,4.5,1015.66666666667
"312",2013-11-08,18,82.2,19.9125,1015.625
"313",2013-11-09,19.8571428571429,73.5714285714286,0.528571428571429,1016.71428571429
"314",2013-11-10,16.8333333333333,72,2.46666666666667,1016
"315",2013-11-11,18.8571428571429,61.8571428571429,5.81428571428571,1013.42857142857
"316",2013-11-12,16.5714285714286,71.7142857142857,0.8,1013.85714285714
"317",2013-11-13,17.75,65,3.0125,1014.25
"318",2013-11-14,17.625,63.375,3.475,1015.25
"319",2013-11-15,17,67,0.925,1016.5
"320",2013-11-16,16.625,69.625,0,1018
"321",2013-11-17,15.5714285714286,67.4285714285714,2.38571428571429,1017.71428571429
"322",2013-11-18,18.5,55.125,7.4125,1016.875
"323",2013-11-19,17.875,63.5,7.175,1015.5
"324",2013-11-20,18.25,58.875,2.55,1012.75
"325",2013-11-21,17.875,66.25,2.0875,1013.125
"326",2013-11-22,17.625,74.875,1.1625,1015.75
"327",2013-11-23,18.1428571428571,77.8571428571429,0.8,1014.57142857143
"328",2013-11-24,19.125,58.875,5.0875,1014.5
"329",2013-11-25,21.25,49.875,9.5,1012.875
"330",2013-11-26,21.25,51.375,9.75,1011.75
"331",2013-11-27,19.125,68.5,2.7875,1014.75
"332",2013-11-28,18.625,71.875,1.85,1017.75
"333",2013-11-29,17.75,66.625,4.8625,1016.875
"334",2013-11-30,17.875,69.625,11.8125,1015.875
"335",2013-12-01,18,65,1.58571428571429,1016.14285714286
"336",2013-12-02,17.25,73.25,1.85,1015.875
"337",2013-12-03,17.5,73.5,1.3875,1016.75
"338",2013-12-04,17.1428571428571,71.8571428571429,4.22857142857143,1017
"339",2013-12-05,17.1428571428571,69,6.88571428571429,1015.28571428571
"340",2013-12-06,16.125,72.375,3.7125,1014
"341",2013-12-07,16,80.5,1.1625,1014.25
"342",2013-12-08,16.5,83.625,0,1014
"343",2013-12-09,16.125,79.25,2.3125,1013.5
"344",2013-12-10,15.5,81.75,2.55,1013.75
"345",2013-12-11,16.625,71.875,6.475,1014.125
"346",2013-12-12,17.75,62.375,16.9,1012.5
"347",2013-12-13,17.1428571428571,67.7142857142857,11.6285714285714,1012
"348",2013-12-14,16.1428571428571,79,0.8,1012.57142857143
"349",2013-12-15,15.5,86.25,2.55,1015.125
"350",2013-12-16,15.25,89.5,1.1625,1015.625
"351",2013-12-17,14.75,92.875,0.925,1014.25
"352",2013-12-18,14.875,93,2.0875,1012.625
"353",2013-12-19,16.125,89.125,3.25,1012.875
"354",2013-12-20,15.375,91.375,4.4125,1016
"355",2013-12-21,14.75,94,0.4625,1017
"356",2013-12-22,15.25,94,1.3875,1018.375
"357",2013-12-23,14.25,88.25,9.025,1020.5
"358",2013-12-24,13.5,84.75,5.7875,1021.375
"359",2013-12-25,13.6666666666667,63.1666666666667,34.4875,1020.625
"360",2013-12-26,12.125,67.625,4.4,1019.25
"361",2013-12-27,11.875,79.875,1.1625,1018.625
"362",2013-12-28,10.875,70,5.325,1019.25
"363",2013-12-29,10.5714285714286,69.4285714285714,5.325,1018.5
"364",2013-12-30,12.375,79.5,6.475,1018.125
"365",2013-12-31,14.5,89.375,4.8625,1020.5
"366",2014-01-01,13.375,89.625,7.65,1021
"367",2014-01-02,11,78.375,8.1,1020.25
"368",2014-01-03,12.5,74.875,5.325,1017.75
"369",2014-01-04,12.875,88.125,1.1625,1016.25
"370",2014-01-05,12.375,89,0.4625,1014.5
"371",2014-01-06,11.4285714285714,86.2857142857143,27.3375,1017.625
"372",2014-01-07,12.1428571428571,72.2857142857143,20.6,1017.75
"373",2014-01-08,11.875,76.875,1.85,1017.875
"374",2014-01-09,12.8333333333333,83,1.23333333333333,1017
"375",2014-01-10,12.375,85.375,0,1016.625
"376",2014-01-11,12.125,82.625,6.725,1019.625
"377",2014-01-12,12.875,80.875,3.25,1020.75
"378",2014-01-13,14,72.375,1.1625,1019.375
"379",2014-01-14,14.875,76.75,2.7875,1017
"380",2014-01-15,12,93.5,0.4625,1019.75
"381",2014-01-16,12.2857142857143,90.5714285714286,1.58571428571429,1019.57142857143
"382",2014-01-17,12,95.75,1.1625,1017.625
"383",2014-01-18,12.5,94.25,1.85,1020.25
"384",2014-01-19,14.5,84.5,3.475,1023
"385",2014-01-20,14.625,83.5,4.4125,1021.375
"386",2014-01-21,13.5714285714286,96.8571428571429,7.17142857142857,1020.57142857143
"387",2014-01-22,15.25,96.125,6.7125,1019.875
"388",2014-01-23,15.625,90.125,6.7125,1020.25
"389",2014-01-24,13.875,88.875,8.1125,1019.25
"390",2014-01-25,11.75,95.625,8.3375,1019.75
"391",2014-01-26,14.375,85.75,8.8125,1019.125
"392",2014-01-27,16.625,72.375,9.95,1018.75
"393",2014-01-28,16.625,69.875,7.4125,1016.75
"394",2014-01-29,14.875,81.875,4.625,1018.625
"395",2014-01-30,14.5,83.25,0.925,1019.375
"396",2014-01-31,14.75,82.5,3.0125,1019.25
"397",2014-02-01,14,79.375,2.55,1019.75
"398",2014-02-02,15.25,76.125,1.85,1016.875
"399",2014-02-03,18.4285714285714,63.8571428571429,12.2875,1014.125
"400",2014-02-04,18.8571428571429,65.4285714285714,13.425,1011
"401",2014-02-05,17,72.75,1.625,1011.5
"402",2014-02-06,18.5,65.375,6.0125,1010.875
"403",2014-02-07,19.625,67.25,15.05,1009.25
"404",2014-02-08,13.625,85.375,8.1125,1011.375
"405",2014-02-09,12.875,63.375,9.2625,1012
"406",2014-02-10,12.625,61.75,3.7,1012.5
"407",2014-02-11,13.375,64.625,3.7,1013.5
"408",2014-02-12,13.25,67,9.2625,1013.5
"409",2014-02-13,15.25,64.5,4.875,1013.625
"410",2014-02-14,13,95.5,5.3375,1011.875
"411",2014-02-15,12.375,89.5,3.9375,1012.875
"412",2014-02-16,13.5,79,8.7875,1016
"413",2014-02-17,15.125,66.125,12.725,1017.75
"414",2014-02-18,15.25,60.125,8.8,1017.375
"415",2014-02-19,15.125,75.375,1.85,1016.625
"416",2014-02-20,16.125,78.625,1.8625,1014.75
"417",2014-02-21,17.125,72.25,8.7875,1014.25
"418",2014-02-22,16.625,85.625,6.25,1017.375
"419",2014-02-23,16.5,80,7.8875,1019.375
"420",2014-02-24,16.375,69.375,5.3375,1018.625
"421",2014-02-25,18.125,69,0.925,1017.25
"422",2014-02-26,18.75,71.125,2.0875,1014.25
"423",2014-02-27,18.625,76.625,7.175,1013.125
"424",2014-02-28,15.625,88.375,5.8,1013.125
"425",2014-03-01,16.1428571428571,87.2857142857143,4.24285714285714,1015.28571428571
"426",2014-03-02,16.125,79,5.7875,1017.125
"427",2014-03-03,17.875,65.625,3.7,1016.25
"428",2014-03-04,18.75,66.375,3.7125,1016.5
"429",2014-03-05,18.875,67,5.325,1016.125
"430",2014-03-06,18.375,64,4.6375,1016.375
"431",2014-03-07,18.5,62.875,6.7125,1017.125
"432",2014-03-08,19.875,63.875,9.9625,1017
"433",2014-03-09,22,56.625,7.65,1014.5
"434",2014-03-10,20,63.875,10.8875,1014.375
"435",2014-03-11,20.7142857142857,70,15.6,1013.71428571429
"436",2014-03-12,20,68.875,6.4875,1016.25
"437",2014-03-13,19,60.625,9.95,1016.25
"438",2014-03-14,19.625,61.25,5.8,1015
"439",2014-03-15,21.625,62.625,2.7875,1016.375
"440",2014-03-16,23.125,58.5,6.25,1015.375
"441",2014-03-17,26.25,52.125,6.7125,1011.25
"442",2014-03-18,24.8571428571429,53.4285714285714,9.8,1012.85714285714
"443",2014-03-19,21.75,57.375,10.1875,1013.25
"444",2014-03-20,21.5,55,7.4,1010.75
"445",2014-03-21,22.5,64.75,5.3375,1007.125
"446",2014-03-22,25,59.5,3.0125,1007
"447",2014-03-23,22.75,61.875,9.025,1010.625
"448",2014-03-24,22.375,73.125,9.4875,1011.625
"449",2014-03-25,24.625,60.25,2.775,1010.5
"450",2014-03-26,25.125,58.875,2.775,1010.625
"451",2014-03-27,23.5,63.25,4.8875,1011.75
"452",2014-03-28,24.4285714285714,67.5714285714286,4.5,1011.14285714286
"453",2014-03-29,25.875,55.625,8.35,1011.25
"454",2014-03-30,24.125,46.75,13.9,1009.875
"455",2014-03-31,24.125,44.125,13.2,1008.25
"456",2014-04-01,24.875,45.75,9.7125,1006.125
"457",2014-04-02,26.75,43.375,7.175,1005.75
"458",2014-04-03,25,48,10.425,1010.375
"459",2014-04-04,25.8571428571429,47.8571428571429,11.9142857142857,1009.85714285714
"460",2014-04-05,27.375,44,9.2625,1008.875
"461",2014-04-06,30.125,45.25,6.7125,1007.5
"462",2014-04-07,27.25,47.625,12.9625,1009.625
"463",2014-04-08,25.75,41.875,12.725,1010.375
"464",2014-04-09,25.75,35.25,12.7375,1010.25
"465",2014-04-10,26.375,29.25,12.5,1010.875
"466",2014-04-11,28.1428571428571,29,10.0571428571429,1008.57142857143
"467",2014-04-12,29.125,39.875,5.1,1007.125
"468",2014-04-13,26.875,40.375,15.5125,1009.625
"469",2014-04-14,27.625,46.625,5.35,1010.625
"470",2014-04-15,29,48.125,2.55,1009.125
"471",2014-04-16,27.125,53.625,4.4,1008.25
"472",2014-04-17,26.375,49.625,9.25,1007
"473",2014-04-18,24.25,64.375,14.3375,1011.625
"474",2014-04-19,25.625,57.875,5.1,1011.375
"475",2014-04-20,27,48,4.6375,1010.5
"476",2014-04-21,28,33.125,8.8125,1010
"477",2014-04-22,29.375,29.375,12.5,1011.75
"478",2014-04-23,29.125,37,6.025,1009
"479",2014-04-24,29.375,35.875,7.875,1005.875
"480",2014-04-25,30.625,34.375,8.1125,1006.125
"481",2014-04-26,31.5,32,8.1125,1006.375
"482",2014-04-27,30.625,30,8.35,1007.125
"483",2014-04-28,31.5,27.875,10.1875,1005.625
"484",2014-04-29,32.125,28.875,8.325,1003.875
"485",2014-04-30,33.25,25.5,5.3375,1003.75
"486",2014-05-01,34.875,22.5,9.7375,1001.5
"487",2014-05-02,34.375,24.75,6.4875,1001.875
"488",2014-05-03,31.75,33.375,6.475,1003.625
"489",2014-05-04,31.875,34.375,5.8,1003
"490",2014-05-05,29.75,53.25,9.0375,1005.75
"491",2014-05-06,29.5714285714286,51.1428571428571,6.88571428571429,1006.85714285714
"492",2014-05-07,31.75,48.625,1.85,1004.25
"493",2014-05-08,31.375,43,10.6625,1002.625
"494",2014-05-09,30.5,39.625,6.4875,1000.42857142857
"495",2014-05-10,30,37.625,7.8875,1000.75
"496",2014-05-11,29.625,40.375,7.65,1004
"497",2014-05-12,28,53.375,10.8875,1004.875
"498",2014-05-13,25.25,65.75,9.9625,1008.375
"499",2014-05-14,26.875,55.25,8.575,1006.5
"500",2014-05-15,29.5,39.875,11.125,1004.25
"501",2014-05-16,31.125,40.25,9.4875,1003.5
"502",2014-05-17,29.875,47.625,7.175,1007
"503",2014-05-18,31.5,35.375,13.9,1007.375
"504",2014-05-19,32.375,29.5,11.575,1006.625
"505",2014-05-20,31.125,34,7.6375,1006.625
"506",2014-05-21,33,32.5,9.7125,1002.125
"507",2014-05-22,33.25,33.375,11.1125,999.5
"508",2014-05-23,34.625,32.75,19.45,1000
"509",2014-05-24,31.5,50.5,6.725,1004.125
"510",2014-05-25,31.5,43.25,16.4375,1005.5
"511",2014-05-26,30.125,54.125,4.175,1007.125
"512",2014-05-27,31.875,49.75,2.55,1004.75
"513",2014-05-28,33.625,44.5,3.95,1001.25
"514",2014-05-29,35.25,40.125,4.4,999.375
"515",2014-05-30,33.125,44.5,11.5875,999.571428571429
"516",2014-05-31,34.625,39,6.4875,999.625
"517",2014-06-01,32.75,34.25,16.2,1003.25
"518",2014-06-02,32.75,41.375,4.6375,1003.25
"519",2014-06-03,34.875,33.625,6.4875,1000
"520",2014-06-04,35.25,33.125,7.1875,998.125
"521",2014-06-05,36.875,26.875,8.5625,996.125
"522",2014-06-06,37.5,27.625,10.2,994.875
"523",2014-06-07,38.5,22.75,13.1875,994
"524",2014-06-08,37.625,26.25,6.725,993.125
"525",2014-06-09,37.875,32.125,6.025,993.125
"526",2014-06-10,37.25,20.875,12.0375,994.75
"527",2014-06-11,37.625,23.125,14.8125,995.625
"528",2014-06-12,32.875,39.25,24.325,997
"529",2014-06-13,30.25,55.125,16.6625,997.625
"530",2014-06-14,30.5,66.875,6.4875,997.375
"531",2014-06-15,33.875,52,8.1,997.125
"532",2014-06-16,36.375,41.375,10.8875,995.625
"533",2014-06-17,36.875,42.125,15.9625,994.125
"534",2014-06-18,33.875,58,10.425,994.25
"535",2014-06-19,35.75,47.875,10.8875,993.25
"536",2014-06-20,38,36.125,17.825,991.375
"537",2014-06-21,36.875,40.125,9.7375,993.875
"538",2014-06-22,34.5,46.75,4.4,996.375
"539",2014-06-23,32.125,49.75,6.7125,996.25
"540",2014-06-24,33,46.25,10.1875,995.5
"541",2014-06-25,32.25,53.25,13.2,997.625
"542",2014-06-26,32.5,60.375,3.2375,1001
"543",2014-06-27,34.75,48.5,9.4875,1001.625
"544",2014-06-28,34.875,49,5.7875,999.375
"545",2014-06-29,33,57.75,9.7125,997.75
"546",2014-06-30,32,67.75,3.25,997.5
"547",2014-07-01,31.375,65.125,6.25,1000.875
"548",2014-07-02,29.5,71.375,5.7875,1001.125
"549",2014-07-03,28.875,75.125,5.0875,998.285714285714
"550",2014-07-04,31.3888888888889,69,4.33333333333333,998.777777777778
"551",2014-07-05,34.7058823529412,52.0588235294118,9.20294117647059,1000.70588235294
"552",2014-07-06,30.625,61.125,3.7125,1000.5
"553",2014-07-07,34,48.75,5.5625,998.25
"554",2014-07-08,35,39.5,9.725,996.875
"555",2014-07-09,36,37.125,13.65,996.5
"556",2014-07-10,36.125,38.75,11.3375,996.875
"557",2014-07-11,36.625,38.625,8.7875,996.125
"558",2014-07-12,35.875,51.375,5.3375,996
"559",2014-07-13,31.625,69.75,6.025,998
"560",2014-07-14,32.375,67.875,6.725,997.125
"561",2014-07-15,33.125,62.625,8.825,996
"562",2014-07-16,32.625,63,10.45,997.25
"563",2014-07-17,30.75,74.25,6.725,996.125
"564",2014-07-18,27.25,83.875,2.55,994.875
"565",2014-07-19,29.875,71,6.25,995.125
"566",2014-07-20,30.875,68.875,6.2625,996.75
"567",2014-07-21,32.125,65.5,4.65,996
"568",2014-07-22,31.625,69.75,7.175,997
"569",2014-07-23,30.625,72.875,8.1125,997.75
"570",2014-07-24,30.5,63.625,12.0375,998.714285714286
"571",2014-07-25,30.75,63.25,9.9625,1000.75
"572",2014-07-26,32.5,61.5,7.175,1001.875
"573",2014-07-27,31.7142857142857,65.4285714285714,6.25,1001.875
"574",2014-07-28,30,75.75,18.05,999.375
"575",2014-07-29,30.25,69.875,5.7875,999.25
"576",2014-07-30,31.875,65.75,4.175,999.571428571429
"577",2014-07-31,32.5,65.75,7.425,999.625
"578",2014-08-01,33.25,59.5,6.5,998
"579",2014-08-02,30.125,77.75,0.925,997.125
"580",2014-08-03,31.5,66.25,5.7875,995.375
"581",2014-08-04,30.5,69.75,5.1,996.125
"582",2014-08-05,29.75,77.5,1.85,997.5
"583",2014-08-06,32.125,65,5.5625,996.875
"584",2014-08-07,31.125,65.375,6.95,997
"585",2014-08-08,31,67.875,6.0125,998.375
"586",2014-08-09,29.2352941176471,80.4705882352941,6.65294117647059,1001.64705882353
"587",2014-08-10,28.5,89.90625,5.225,1002.15625
"588",2014-08-11,31.125,72.125,3.0125,999.875
"589",2014-08-12,32.125,57.5,8.3375,998.75
"590",2014-08-13,32.125,57.7142857142857,20.825,998.25
"591",2014-08-14,30.375,57.5,18.5125,997.375
"592",2014-08-15,31.125,54.875,14.5875,998.875
"593",2014-08-16,30.4285714285714,59.8571428571429,8.35,1002.5
"594",2014-08-17,31.375,53.875,7.1875,1003.25
"595",2014-08-18,31.875,56.625,5.5625,1005.375
"596",2014-08-19,33,52.4285714285714,6.88571428571429,1004.85714285714
"597",2014-08-20,33.25,47.125,8.7875,1002.375
"598",2014-08-21,32.5,43,10.8875,1001.25
"599",2014-08-22,33,47.125,8.5625,1002.85714285714
"600",2014-08-23,33.125,45.75,9.2625,1003.25
"601",2014-08-24,33.125,46.25,11.35,1002.875
"602",2014-08-25,33.875,46.625,7.875,1002.375
"603",2014-08-26,34.125,40.25,9.9625,1001.375
"604",2014-08-27,33.8571428571429,44.7142857142857,8.1125,1001.125
"605",2014-08-28,29.625,67.75,6.725,1003.75
"606",2014-08-29,30.375,69.25,3.7,1003.5
"607",2014-08-30,28.625,78.125,4.1625,1002.625
"608",2014-08-31,27.625,86.125,4.4125,1001.25
"609",2014-09-01,29.4285714285714,65.8571428571429,15.5125,1001.125
"610",2014-09-02,29.25,71,10.425,1001.875
"611",2014-09-03,28.625,77.875,15.0375,1001.42857142857
"612",2014-09-04,27.875,80.75,9.275,1000.375
"613",2014-09-05,26.5,85.75,8.3375,1000.14285714286
"614",2014-09-06,28.5,76.875,2.0875,1002.375
"615",2014-09-07,31,67.625,1.4,1003.25
"616",2014-09-08,31.25,66.375,3.475,1003.125
"617",2014-09-09,31,70.125,1.85,1002.375
"618",2014-09-10,28.75,77.5,4.875,1003.25
"619",2014-09-11,26.5714285714286,85.7142857142857,17.825,1005.57142857143
"620",2014-09-12,28.5,73,1.625,1005.125
"621",2014-09-13,29.375,68.25,4.1625,1004
"622",2014-09-14,29.125,65.5,6.7125,1004.25
"623",2014-09-15,29.625,63.125,6.7125,1004.25
"624",2014-09-16,30.625,65.125,6.25,1002.25
"625",2014-09-17,30.625,61.875,7.4,1002.125
"626",2014-09-18,30.5,62.375,6.7125,1003.875
"627",2014-09-19,31,56.625,4.175,1003.5
"628",2014-09-20,31.125,55.75,4.4,1002.875
"629",2014-09-21,30.5,54.875,5.5625,1003.625
"630",2014-09-22,30.625,50,13.4375,1004.5
"631",2014-09-23,31,47,30.6857142857143,1004.28571428571
"632",2014-09-24,29.625,53,8.1,1006.25
"633",2014-09-25,30,52.5,9.725,1007.75
"634",2014-09-26,30,52.5,5.7875,1008.125
"635",2014-09-27,30.5,46.875,8.8,1009.25
"636",2014-09-28,30.25,48.875,7.175,1009.625
"637",2014-09-29,30.5,48.75,7.4125,1009.125
"638",2014-09-30,30.625,50.125,6.7125,1009.625
"639",2014-10-01,30.4285714285714,52.8571428571429,3.17142857142857,1010.42857142857
"640",2014-10-02,30.375,53.375,2.7875,1009.125
"641",2014-10-03,30.5,52.625,1.85,1008
"642",2014-10-04,31,53.5,0,1008.5
"643",2014-10-05,30.625,56.125,0,1010.375
"644",2014-10-06,30.625,56.75,0,1010.125
"645",2014-10-07,31,59.375,1.1625,1008.375
"646",2014-10-08,28.75,52.75,3.7125,1009.875
"647",2014-10-09,27.625,49.875,3.2375,1010.125
"648",2014-10-10,27.125,57.375,3.2375,1008.75
"649",2014-10-11,25.7142857142857,57.1428571428571,6.9375,1008.25
"650",2014-10-12,26,58.625,0.4625,1008.375
"651",2014-10-13,27.625,59.75,8.8,1009.875
"652",2014-10-14,24.5,67.625,5.325,1010.875
"653",2014-10-15,24.5,68,3.2625,1013.375
"654",2014-10-16,23,58.875,4.8625,1014
"655",2014-10-17,25,47.6666666666667,25.0125,1013.625
"656",2014-10-18,24,56.1428571428571,21.3,1012.875
"657",2014-10-19,23.75,57.75,4.1625,1012.625
"658",2014-10-20,24.75,55.625,4.4,1013.125
"659",2014-10-21,25.625,56.125,2.0875,1014.625
"660",2014-10-22,25.75,64.875,0.4625,1014.5
"661",2014-10-23,25.25,66,0.925,1012.75
"662",2014-10-24,25.5,67.5,1.85,1011.75
"663",2014-10-25,25.25,67.125,0.925,1012.375
"664",2014-10-26,25.125,65.5,2.0875,1014.875
"665",2014-10-27,24.875,62.875,1.8625,1013.75
"666",2014-10-28,25.125,64.75,2.5625,1012
"667",2014-10-29,24.75,65.75,1.625,1012.125
"668",2014-10-30,23.875,61.375,1.85,1014.5
"669",2014-10-31,23.375,58.25,3.7125,1013.625
"670",2014-11-01,22.5,50.875,5.325,1014.125
"671",2014-11-02,22.875,49.125,7.1875,1014.5
"672",2014-11-03,23.375,52.75,4.1625,1013.5
"673",2014-11-04,23.625,56.625,3.9375,1012.125
"674",2014-11-05,22.75,56.25,4.625,1012.375
"675",2014-11-06,23,56.25,6.25,1011.625
"676",2014-11-07,24,66.125,2.3125,1012.875
"677",2014-11-08,23.875,66.25,1.625,1014.625
"678",2014-11-09,24.125,56.375,4.1625,1015.125
"679",2014-11-10,21.375,52.125,3.475,1014
"680",2014-11-11,19.25,55.125,2.325,1014.75
"681",2014-11-12,19.625,52,2.3125,1015.875
"682",2014-11-13,18.5,50.5,3.2375,1016.5
"683",2014-11-14,18.375,43,7.4125,1016.375
"684",2014-11-15,18.625,44.75,2.775,1014.875
"685",2014-11-16,18.25,47.625,2.55,1015.375
"686",2014-11-17,17.75,51.75,2.775,1016.125
"687",2014-11-18,17.625,53,2.0875,1017.875
"688",2014-11-19,17.5,58.125,1.1625,1016.5
"689",2014-11-20,20.375,54.625,3.025,1013.375
"690",2014-11-21,18.25,62.125,3.2375,1012.75
"691",2014-11-22,19.875,58.875,1.625,1011.375
"692",2014-11-23,17.125,57.375,1.3875,1014.625
"693",2014-11-24,16.875,52.25,4.175,1016
"694",2014-11-25,16.5,51.5,2.55,1014.875
"695",2014-11-26,19.625,51,5.55,1009.875
"696",2014-11-27,18.125,63.875,0,1011.75
"697",2014-11-28,19.375,67.375,0,1012.5
"698",2014-11-29,20.25,67.625,0,1012.375
"699",2014-11-30,19.75,54.75,2.55,1014
"700",2014-12-01,20,42.625,8.8,1013.75
"701",2014-12-02,21.375,47.625,7.875,1012.75
"702",2014-12-03,25,66.5714285714286,11.3714285714286,1007
"703",2014-12-04,21.25,68.875,4.8625,1010.375
"704",2014-12-05,17.75,59.875,2.55,1017.125
"705",2014-12-06,18.25,48.875,4.8625,1016.375
"706",2014-12-07,17.25,48.375,4.8625,1014.75
"707",2014-12-08,17,49.875,2.775,1015
"708",2014-12-09,15.2857142857143,67.5714285714286,0,1016.85714285714
"709",2014-12-10,21.5,65.5,4.8625,1010.5
"710",2014-12-11,19.625,70.5,3.25,1011.625
"711",2014-12-12,17.5,65.625,0.4625,1014.375
"712",2014-12-13,16,71.875,8.8,1016.125
"713",2014-12-14,16.875,86.625,3.95,1014.5
"714",2014-12-15,16.625,75.75,2.325,1016.125
"715",2014-12-16,17.75,72.375,7.425,1017.375
"716",2014-12-17,12.875,72.125,6.4875,1020.25
"717",2014-12-18,11.75,79.75,3.0125,1021.375
"718",2014-12-19,11.75,81.75,0.4625,1022.125
"719",2014-12-20,11.25,77,5.8,1018.75
"720",2014-12-21,9.5,79.125,0.925,1018
"721",2014-12-22,9.375,85,1.3875,1017.125
"722",2014-12-23,9.625,78.625,1.625,1017.875
"723",2014-12-24,9.875,83,3.475,1021.25
"724",2014-12-25,9.25,81.125,8.1,1020.125
"725",2014-12-26,10.75,77,7.6375,1017.75
"726",2014-12-27,10.375,69,2.775,1018.625
"727",2014-12-28,9,86,0.7,1019.75
"728",2014-12-29,11.125,72.625,1.3875,1017.25
"729",2014-12-30,11.625,70.625,2.55,1014.625
"730",2014-12-31,12.375,67.125,2.7875,1016.875
"731",2015-01-01,14.75,72,0.925,1017.5
"732",2015-01-02,14.875,96.625,3.0125,1017.875
"733",2015-01-03,15.125,92,0.925,1017.375
"734",2015-01-04,14.125,78.75,9.5125,1019.625
"735",2015-01-05,14,69.375,15.05,1016
"736",2015-01-06,12,79.875,4.4,1015.5
"737",2015-01-07,9.625,86,3.9375,1016.625
"738",2015-01-08,10,87.875,3.4875,1019.125
"739",2015-01-09,10.625,80.625,1.625,1020.125
"740",2015-01-10,11.125,73.125,4.4125,1018.875
"741",2015-01-11,11,80.75,4.8625,1019.125
"742",2015-01-12,10.625,79.5,0.925,1019.5
"743",2015-01-13,12.25,77.875,4.875,1017.125
"744",2015-01-14,12,82.25,5.1,1017.5
"745",2015-01-15,12.375,79.125,0.925,1019.375
"746",2015-01-16,13,78.125,4.6375,1019.25
"747",2015-01-17,13.5,76.625,1.8625,1019.25
"748",2015-01-18,13,73.875,2.55,1018.75
"749",2015-01-19,13.75,78,1.85,1018.875
"750",2015-01-20,13.375,74.375,7.1875,1020
"751",2015-01-21,13.25,73.375,3.7,1021
"752",2015-01-22,12.625,94.125,3.2375,1020.625
"753",2015-01-23,14.625,85,1.1625,1020
"754",2015-01-24,12.375,86.25,9.7375,1020.75
"755",2015-01-25,13.25,77.75,4.1625,1020.375
"756",2015-01-26,13.75,88.125,0.925,1019.875
"757",2015-01-27,13.25,74.25,5.3375,1019.33333333333
"758",2015-01-28,11.7142857142857,67,27.775,1018.25
"759",2015-01-29,11.5,67.5,3.9375,1019.75
"760",2015-01-30,12.75,56.125,12.0375,1020.375
"761",2015-01-31,13.75,57.625,9.025,1017.875
"762",2015-02-01,15,65.25,5.1,1017.75
"763",2015-02-02,17.375,63.875,11.8125,1017.5
"764",2015-02-03,16.75,71.25,7.175,1020.5
"765",2015-02-04,14.625,81.125,9.25,1022
"766",2015-02-05,14.625,62.875,7.4,1019.25
"767",2015-02-06,15.125,62.625,3.0125,1019
"768",2015-02-07,15.875,67.625,1.85,1017
"769",2015-02-08,16.625,63.875,4.4125,1017.375
"770",2015-02-09,16.875,63.5,5.55,1019.75
"771",2015-02-10,15.75,64,4.625,1019.75
"772",2015-02-11,16,66.625,1.85,1017.125
"773",2015-02-12,15.5,69.625,6.025,1016.125
"774",2015-02-13,17.25,59,6.725,1012.625
"775",2015-02-14,19.375,63.125,4.1625,1009.625
"776",2015-02-15,18.875,70.125,1.3875,1012.625
"777",2015-02-16,20.625,71.25,10.425,1013.625
"778",2015-02-17,21.1428571428571,72.5714285714286,5.02857142857143,1011.85714285714
"779",2015-02-18,21.25,72.875,5.1,1011.75
"780",2015-02-19,22.75,73.5,7.65,1012
"781",2015-02-20,22.75,67.125,7.1875,1013.875
"782",2015-02-21,21.875,63.5,11.3375,1014.125
"783",2015-02-22,22.1428571428571,58.8571428571429,14.8125,1013.375
"784",2015-02-23,21.5,74.375,3.025,1014.25
"785",2015-02-24,22.875,72.375,6.0375,1010.625
"786",2015-02-25,23.125,58.625,6.5,1008.5
"787",2015-02-26,20,34.375,6.7125,1009.875
"788",2015-02-27,19.25,43.125,5.8,1013
"789",2015-02-28,21.25,45.5,6.95,1013
"790",2015-03-01,17.375,92.75,14.8125,1011.125
"791",2015-03-02,17.5,89.875,6.725,1012.5
"792",2015-03-03,16.25,82.5,5.5625,1013.75
"793",2015-03-04,16.75,69.25,6.7125,1014
"794",2015-03-05,18.75,64,3.7,1015.75
"795",2015-03-06,20,62.375,5.0875,1016.375
"796",2015-03-07,18.375,80.375,4.175,1013.71428571429
"797",2015-03-08,19.5,74.125,7.8875,1015.375
"798",2015-03-09,18.125,54.25,12.2625,1021
"799",2015-03-10,17.75,68.5,8.5625,1019.125
"800",2015-03-11,18.25,69.875,6.025,1018.125
"801",2015-03-12,20.5,63.375,5.325,1017
"802",2015-03-13,21.375,65.25,4.175,1014.75
"803",2015-03-14,21.5,64.625,7.875,1015.125
"804",2015-03-15,17.625,89.125,11.575,1015.5
"805",2015-03-16,19.8571428571429,81.8571428571429,8.5625,1017.375
"806",2015-03-17,20.875,70.375,13.2,1015.875
"807",2015-03-18,20.25,69.625,12.2625,1013.5
"808",2015-03-19,21.125,66,5.3375,1014.875
"809",2015-03-20,22.5,65.75,9.025,1014.875
"810",2015-03-21,24.875,60.5,5.7875,1014.875
"811",2015-03-22,25.125,64,10.2,1012
"812",2015-03-23,24.75,65.75,7.6375,1010
"813",2015-03-24,25.75,65.5,1.3875,1010.25
"814",2015-03-25,26.625,65.625,2.55,1011.85714285714
"815",2015-03-26,28.5,54.375,9.2625,1013
"816",2015-03-27,27.375,51.375,7.65,1012
"817",2015-03-28,27,53.625,3.7125,1009.625
"818",2015-03-29,25,52.75,13.1875,1008.625
"819",2015-03-30,23.5,66.25,14.8125,1010.375
"820",2015-03-31,25.25,64.875,3.7,1010.14285714286
"821",2015-04-01,26.4285714285714,59.7142857142857,6.7125,1007.5
"822",2015-04-02,28.7142857142857,45.2857142857143,10.175,1004.625
"823",2015-04-03,24.5,71.125,6.9625,1004.75
"824",2015-04-04,21,77.5,1.3875,1005.25
"825",2015-04-05,23.5714285714286,67.7142857142857,17.6,1007.75
"826",2015-04-06,25,60.125,2.775,1007.75
"827",2015-04-07,23.75,62.125,9.7375,1010.25
"828",2015-04-08,25.625,50.375,6.7125,1012
"829",2015-04-09,26,52.875,9.0375,1010.5
"830",2015-04-10,27.125,52.25,6.25,1008.5
"831",2015-04-11,28.25,44.875,8.1,1008.375
"832",2015-04-12,24.375,63,5.325,1012.375
"833",2015-04-13,24.75,70.875,6.95,1013.75
"834",2015-04-14,26.25,62.75,3.0125,1012.75
"835",2015-04-15,27.625,59.25,5.7875,1012.875
"836",2015-04-16,25.25,58.25,8.1125,1013.875
"837",2015-04-17,28.125,48.75,8.3375,1007.125
"838",2015-04-18,30.125,44.5,5.5625,1002.375
"839",2015-04-19,32.125,41,4.175,1003.875
"840",2015-04-20,32.875,37.875,7.1875,1005.75
"841",2015-04-21,31.75,28.5,11.1125,1005.625
"842",2015-04-22,30.75,30.25,11.35,1003.125
"843",2015-04-23,30.75,33,8.1,1004
"844",2015-04-24,31.125,39.5,2.55,1004.375
"845",2015-04-25,30.5,43.125,12.975,1005.875
"846",2015-04-26,28.75,51.125,15.7375,1008
"847",2015-04-27,30.125,53,17.5875,1006.75
"848",2015-04-28,31,48.25,12.5125,1004.5
"849",2015-04-29,31.25,47.25,9.025,1005
"850",2015-04-30,32.625,44.75,15.05,1004
"851",2015-05-01,31.25,43.5,5.3375,1005.875
"852",2015-05-02,30.125,40.25,4.4,1006.25
"853",2015-05-03,31,39.25,3.0125,1006.625
"854",2015-05-04,30.875,39.25,3.9375,1006.625
"855",2015-05-05,32.125,31.125,7.65,1003.875
"856",2015-05-06,34.125,22,11.3625,1001.875
"857",2015-05-07,35.4285714285714,13.4285714285714,15.3428571428571,1003.57142857143
"858",2015-05-08,34.125,22.375,12.275,1003.25
"859",2015-05-09,35.125,27,8.3375,1001.625
"860",2015-05-10,35.125,25,6.9625,1001.375
"861",2015-05-11,34,32.625,10.8875,1003.625
"862",2015-05-12,33.125,46,6.0375,1004.875
"863",2015-05-13,27.75,61,6.7125,1006.125
"864",2015-05-14,29.625,49.625,4.4125,1007.25
"865",2015-05-15,28.5,52.125,7.175,1006.5
"866",2015-05-16,30,51.625,4.1625,1003.25
"867",2015-05-17,33.25,40.375,8.35,1001.125
"868",2015-05-18,35.375,35.75,5.5625,1000
"869",2015-05-19,31.5,44,14.8125,1002.125
"870",2015-05-20,33.125,31.625,14.6,1002
"871",2015-05-21,35.625,24.625,11.3375,1000.375
"872",2015-05-22,36.25,19.5,12.5125,998.125
"873",2015-05-23,37.375,21.75,12.725,996.125
"874",2015-05-24,36,29.25,5.1,997.375
"875",2015-05-25,37.75,22.25,10.875,996.875
"876",2015-05-26,35.25,26.625,17.125,1001.5
"877",2015-05-27,33.75,20.5,6.7125,1001.25
"878",2015-05-28,34.75,29.5,8.3375,1000.625
"879",2015-05-29,35.125,27.25,8.125,1001.625
"880",2015-05-30,32.25,38.75,12.2625,1003.875
"881",2015-05-31,34.25,25,14.5875,1001.75
"882",2015-06-01,29.375,41.75,12.5125,1003.25
"883",2015-06-02,31.625,39.25,8.575,1003.5
"884",2015-06-03,28.625,50.5,6.725,1004.625
"885",2015-06-04,31.875,48.375,4.8625,1004
"886",2015-06-05,32.625,39.875,6.0125,1003.5
"887",2015-06-06,33.375,39.75,7.8625,1001.375
"888",2015-06-07,35,36.25,7.175,999.25
"889",2015-06-08,36.5,33,6.25,998.875
"890",2015-06-09,37.625,23.875,18.75,998.875
"891",2015-06-10,36.625,32.2857142857143,18.05,999.625
"892",2015-06-11,35.625,34.75,18.2875,1000
"893",2015-06-12,35.875,34.625,12.7375,998.5
"894",2015-06-13,31.125,48.125,10.1875,998.857142857143
"895",2015-06-14,27,77.625,3.95,1000.28571428571
"896",2015-06-15,31,60.75,3.0125,999.571428571429
"897",2015-06-16,32.375,52.125,2.7875,999.142857142857
"898",2015-06-17,33.875,49.75,3.25,998
"899",2015-06-18,35.125,45.125,3.0125,997.625
"900",2015-06-19,35.875,46.75,8.575,996.25
"901",2015-06-20,33.125,48.5,12.975,997.875
"902",2015-06-21,30.375,63.625,8.1125,998.125
"903",2015-06-22,32.125,59.5,4.4,995.625
"904",2015-06-23,31.5,61.625,6.0125,995
"905",2015-06-24,37.25,63.875,6.5,995.375
"906",2015-06-25,26.625,82.75,6.2625,994.75
"907",2015-06-26,31.125,54.25,11.5625,995.25
"908",2015-06-27,32.625,48.25,14.1125,997.125
"909",2015-06-28,34.25,47.5,9.0375,1000.28571428571
"910",2015-06-29,31.125,56.625,11.5625,1003.625
"911",2015-06-30,30.875,58.625,9.9625,1002.625
"912",2015-07-01,32,53.25,4.175,1001.875
"913",2015-07-02,33.75,45.875,6.95,1001.125
"914",2015-07-03,33,49,14.35,999.625
"915",2015-07-04,34.125,51.5,16.9,997.5
"916",2015-07-05,35.7142857142857,47.2857142857143,14.0142857142857,995.428571428571
"917",2015-07-06,27.875,83.25,9.275,997.875
"918",2015-07-07,28.125,86.125,1.85,998.125
"919",2015-07-08,31.25,72,2.775,998.625
"920",2015-07-09,29.625,77.25,2.55,998.625
"921",2015-07-10,26.625,92.125,6.025,998.75
"922",2015-07-11,25.5,98,3.2375,999.333333333333
"923",2015-07-12,25.5,94.75,7.425,998.625
"924",2015-07-13,29.875,73.125,4.8625,1000.625
"925",2015-07-14,30.875,67.875,10.875,997.857142857143
"926",2015-07-15,33.375,52.875,17.1375,993.75
"927",2015-07-16,31.75,61.375,13.4375,994.75
"928",2015-07-17,30.75,75.625,4.4,997.25
"929",2015-07-18,29.5,78.875,4.175,998
"930",2015-07-19,30.125,70,0.7,997.625
"931",2015-07-20,29.125,78,4.8625,999.125
"932",2015-07-21,31.375,69.25,8.125,1000
"933",2015-07-22,32.25,64.125,7.875,1001.125
"934",2015-07-23,32.125,64.875,8.575,1001.75
"935",2015-07-24,32,64.75,6.7125,1001
"936",2015-07-25,30.8571428571429,71,19.9125,998.571428571429
"937",2015-07-26,30,71.625,16.8875,998.875
"938",2015-07-27,29.625,69,11.3375,1000.28571428571
"939",2015-07-28,29.5,61,11.5875,1000.125
"940",2015-07-29,28.5,68.125,10.875,998
"941",2015-07-30,29,67.75,9.9625,998.875
"942",2015-07-31,29,71,4.175,999.75
"943",2015-08-01,28.25,71.75,0.925,1002.75
"944",2015-08-02,29.625,69.5,2.55,1003.625
"945",2015-08-03,31.5,58.625,5.325,1001.875
"946",2015-08-04,29.4285714285714,77.7857142857143,4.77142857142857,1000.07142857143
"947",2015-08-05,29.59375,79.65625,8.221875,1000.28125
"948",2015-08-06,29.5,79.125,3.025,998
"949",2015-08-07,29.25,83,2.3125,1000
"950",2015-08-08,28.875,84.875,1.625,1002
"951",2015-08-09,27.375,90.125,3.0125,1000.25
"952",2015-08-10,30.375,77,0,1000
"953",2015-08-11,28.375,86.625,0.4625,1003
"954",2015-08-12,30.75,74.25,0,1003.125
"955",2015-08-13,32,69.5,0.4625,1001.875
"956",2015-08-14,30.875,72.625,3.475,1002
"957",2015-08-15,28.5,85.5,0,1002.75
"958",2015-08-16,28.625,82.625,1.85,1002.875
"959",2015-08-17,30.75,72.625,0.7,1001.375
"960",2015-08-18,29.125,72.875,4.875,1002.57142857143
"961",2015-08-19,31.25,61.25,33.325,1002.375
"962",2015-08-20,30.75,58.625,14.6,1001.375
"963",2015-08-21,29.375,72,8.575,1002
"964",2015-08-22,30.25,65.375,5.8,1000.875
"965",2015-08-23,29.875,69.375,5.5625,1000.85714285714
"966",2015-08-24,30.75,65.625,7.1875,1001.75
"967",2015-08-25,32,57.2857142857143,10.0714285714286,1001
"968",2015-08-26,32,61,4.8625,1001.125
"969",2015-08-27,32.5,61,5.325,1002
"970",2015-08-28,32,63.5,2.3125,1002.25
"971",2015-08-29,32.25,58,5.8125,1001.375
"972",2015-08-30,32.625,56.5,9.275,1001.375
"973",2015-08-31,31.8571428571429,54.4285714285714,13.4857142857143,1001.83333333333
"974",2015-09-01,32.125,47.625,15.275,1000.85714285714
"975",2015-09-02,31.875,45.625,12.7375,1001.75
"976",2015-09-03,31.625,49.125,10.1875,1005.5
"977",2015-09-04,32,42.625,11.35,1007.875
"978",2015-09-05,30.875,47.25,7.6375,1007.125
"979",2015-09-06,31.25,41.8,7.6375,1006.25
"980",2015-09-07,31.5,46.375,9.4875,1005.75
"981",2015-09-08,31.625,47,11.8125,1005.5
"982",2015-09-09,31,47.875,10.1875,1005.625
"983",2015-09-10,31.25,46.5,8.575,1006.75
"984",2015-09-11,30.75,49.75,6.0125,1006.25
"985",2015-09-12,32.1428571428571,54.4285714285714,3.17142857142857,1006
"986",2015-09-13,32.125,55.25,1.3875,1005.875
"987",2015-09-14,31.875,54.375,2.55,1003.625
"988",2015-09-15,33,55,0.4625,1003.25
"989",2015-09-16,32.375,55,1.4,1003.625
"990",2015-09-17,31.375,58.375,1.1625,1004.375
"991",2015-09-18,31,67.625,7.4125,1005.125
"992",2015-09-19,30.625,74.25,2.0875,1003.625
"993",2015-09-20,29.1428571428571,69.1428571428571,5.55714285714286,1002.85714285714
"994",2015-09-21,30.125,64.5,5.8,1002.5
"995",2015-09-22,30.25,64.375,10.1875,1002.5
"996",2015-09-23,28.625,61.25,13.675,1006.375
"997",2015-09-24,28.25,52.375,11.575,1004.625
"998",2015-09-25,28.5,49.375,8.575,1003.75
"999",2015-09-26,29.25,53.5,6.25,1005.25
"1000",2015-09-27,28.7142857142857,58.1428571428571,2.91428571428571,1007
"1001",2015-09-28,28.25,58.5,3.9375,1009
"1002",2015-09-29,29,54.5714285714286,9.52857142857143,1010.57142857143
"1003",2015-09-30,29,46.875,8.3375,1011.375
"1004",2015-10-01,28.125,51.25,5.575,1012
"1005",2015-10-02,28.2857142857143,53.7142857142857,14.5875,1010.75
"1006",2015-10-03,30,52.3333333333333,18.7857142857143,1008.71428571429
"1007",2015-10-04,29,54.375,3.025,1008.125
"1008",2015-10-05,28.875,59.375,1.3875,1009.25
"1009",2015-10-06,28.375,61.125,4.6375,1009
"1010",2015-10-07,28.625,65.75,6.475,1009.125
"1011",2015-10-08,28.375,65.125,4.4125,1007.5
"1012",2015-10-09,28.5,59.75,6.025,1004.25
"1013",2015-10-10,28.5,54.625,6.7125,1005
"1014",2015-10-11,28.5714285714286,51.5714285714286,6.88571428571429,1008.71428571429
"1015",2015-10-12,29.25,54.125,3.25,1010
"1016",2015-10-13,29.5,62.875,3.725,1011
"1017",2015-10-14,28.125,63.625,4.875,1013.25
"1018",2015-10-15,27.5,66,0.4625,1013.5
"1019",2015-10-16,27.875,62.625,0.925,1013.5
"1020",2015-10-17,28,63.75,3.7125,1012.25
"1021",2015-10-18,26.8571428571429,71.7142857142857,11.1125,1013.125
"1022",2015-10-19,28.1428571428571,66.2857142857143,3.45714285714286,1011.71428571429
"1023",2015-10-20,27.7142857142857,64.8571428571429,2.91428571428571,1009.85714285714
"1024",2015-10-21,26.5,62.125,2.0875,1011.875
"1025",2015-10-22,24.75,56,4.4,1012.25
"1026",2015-10-23,24,51.625,4.8625,1011.875
"1027",2015-10-24,24.875,53.25,1.4,1011.625
"1028",2015-10-25,26.375,47.125,5.575,1012.75
"1029",2015-10-26,25.625,52.125,5.575,1014.875
"1030",2015-10-27,24.75,54.25,3.475,1013.875
"1031",2015-10-28,20.875,57.25,7.875,1015.875
"1032",2015-10-29,22.125,63.5,1.85,1016.875
"1033",2015-10-30,22.375,67.25,1.625,1016.375
"1034",2015-10-31,22.375,69.375,1.1625,1016.125
"1035",2015-11-01,22.875,70.5,0.925,1016.25
"1036",2015-11-02,23.375,71.375,0.4625,1015.875
"1037",2015-11-03,24,67.875,0.475,1014.25
"1038",2015-11-04,23.75,69,0.925,1012.25
"1039",2015-11-05,22.125,75.25,5.1,1012.375
"1040",2015-11-06,22.875,74.375,2.325,1012.75
"1041",2015-11-07,21.875,74.875,1.1625,1014.625
"1042",2015-11-08,21.875,70.25,1.8625,1015.875
"1043",2015-11-09,21.75,73.625,0.7,1015
"1044",2015-11-10,22.75,72.625,0.7,1013.5
"1045",2015-11-11,21.875,59.5,4.6375,1014.375
"1046",2015-11-12,21.875,60.5,5.7875,1015.375
"1047",2015-11-13,22.375,59.375,5.325,1014.875
"1048",2015-11-14,22.375,59.625,3.475,1012
"1049",2015-11-15,22.5,62,0,1012
"1050",2015-11-16,21.875,50.375,2.7875,1012.625
"1051",2015-11-17,19.875,48.375,5.1,1013.5
"1052",2015-11-18,18.5,57.625,4.4,1016.375
"1053",2015-11-19,18.5,64.75,0.925,1017.5
"1054",2015-11-20,18.5,66,0.4625,1016.125
"1055",2015-11-21,18.75,67.625,1.3875,1015.5
"1056",2015-11-22,18.625,64.875,0.4625,1015.125
"1057",2015-11-23,17,73.5,0,1015.875
"1058",2015-11-24,18.5,63,1.625,1016
"1059",2015-11-25,19.375,56.375,5.7875,1014.75
"1060",2015-11-26,20,59.5,0.925,1012.75
"1061",2015-11-27,18.5,66.25,2.55,1011.25
"1062",2015-11-28,18.75,82.125,1.1625,1015.375
"1063",2015-11-29,18.125,81.25,1.1625,1018
"1064",2015-11-30,19.5,82.375,0.925,1016.75
"1065",2015-12-01,19.25,78.75,1.625,1014.75
"1066",2015-12-02,18.125,72.125,2.0875,1016.125
"1067",2015-12-03,17.625,70.25,7.1875,1016
"1068",2015-12-04,17.625,67.5,4.6375,1015
"1069",2015-12-05,17.5,72.375,0.925,1015.875
"1070",2015-12-06,17.125,75.875,1.4,1016.5
"1071",2015-12-07,17.625,76.875,2.3125,1017.25
"1072",2015-12-08,18.4285714285714,71.2857142857143,1.05714285714286,1015.71428571429
"1073",2015-12-09,18.375,78.125,3.475,1015.25
"1074",2015-12-10,19,77.25,2.0875,1011.75
"1075",2015-12-11,17.25,77.875,5.1,1011.375
"1076",2015-12-12,13.25,91,4.4,1014.25
"1077",2015-12-13,12.875,67,3.475,1016.5
"1078",2015-12-14,13.25,63.625,7.4,1017
"1079",2015-12-15,13.125,63.875,5.325,1016.5
"1080",2015-12-16,13,65.5,1.1625,1016.375
"1081",2015-12-17,12.25,73.625,0.925,1016.875
"1082",2015-12-18,12.875,71.25,4.4,1018.625
"1083",2015-12-19,12.375,71.875,3.4875,1019
"1084",2015-12-20,11.75,70.25,1.1625,1018.5
"1085",2015-12-21,12.625,74.75,1.3875,1018.875
"1086",2015-12-22,12,79.875,0.7,1020.875
"1087",2015-12-23,12.5,81.375,3.4875,1020.625
"1088",2015-12-24,11.25,68.625,6.025,1021.25
"1089",2015-12-25,11.5,66.125,5.5625,1022
"1090",2015-12-26,12.75,64.5,6.4875,1021.125
"1091",2015-12-27,15.375,63.25,7.8875,1020.625
"1092",2015-12-28,17.125,58.125,10.8875,1020.875
"1093",2015-12-29,16.375,65,7.4125,1018.125
"1094",2015-12-30,15.5,71.75,2.1,1017.5
"1095",2015-12-31,15,71.375,2.0875,1020.5
"1096",2016-01-01,14.7142857142857,72.2857142857143,1.05714285714286,1021.14285714286
"1097",2016-01-02,14,75.875,2.0875,1021
"1098",2016-01-03,14.375,74.75,5.1125,1018.5
"1099",2016-01-04,15.75,77.125,0,1017.625
"1100",2016-01-05,15.8333333333333,88.8333333333333,0.616666666666667,1017
"1101",2016-01-06,17.375,81.625,2.3125,1016.5
"1102",2016-01-07,17.125,87,0,1018.125
"1103",2016-01-08,15.5,83.25,7.8875,1017.25
"1104",2016-01-09,15.8571428571429,65.1428571428571,8.47142857142857,1015.42857142857
"1105",2016-01-10,15.625,74.375,2.775,1017.5
"1106",2016-01-11,15.75,74.875,1.625,1017.5
"1107",2016-01-12,18,69.6875,6.03125,1014.9375
"1108",2016-01-13,18.2666666666667,75.8,5.08,1014.33333333333
"1109",2016-01-14,15.5625,80.4375,4.3,1016.125
"1110",2016-01-15,13,84.1875,10.775,1017
"1111",2016-01-16,13.6,80.0666666666667,11.24,1014.6
"1112",2016-01-17,14,77.6666666666667,2.10666666666667,1016.2
"1113",2016-01-18,13.2666666666667,80.4666666666667,1.48,1014.73333333333
"1114",2016-01-19,12.3571428571429,88.5714285714286,4.65,1015.28571428571
"1115",2016-01-20,12.0666666666667,84.2,6.19333333333333,1018.66666666667
"1116",2016-01-21,12.1875,73.1875,7.8875,1020.1875
"1117",2016-01-22,11.7333333333333,83.4,3.58666666666667,1019.46666666667
"1118",2016-01-23,14.4375,75.875,3.25,1019.8125
"1119",2016-01-24,11.1875,86.25,6.625,1019.0625
"1120",2016-01-25,11.6666666666667,75.4,4.58,1017.2
"1121",2016-01-26,14.5625,79.6875,2.55,1015.375
"1122",2016-01-27,17.5833333333333,69.1666666666667,4.025,1014.16666666667
"1123",2016-01-28,16.8571428571429,69.3571428571429,5.02857142857143,1015.07142857143
"1124",2016-01-29,19.5625,70.625,2.54375,1017.375
"1125",2016-01-30,20.1428571428571,78.5,1.2,1014.5
"1126",2016-01-31,17.375,78.25,7.7625,1016
"1127",2016-02-01,15.8461538461538,65.7692307692308,7.26923076923077,1017.15384615385
"1128",2016-02-02,15.2666666666667,55.8666666666667,8.89333333333333,1018.2
"1129",2016-02-03,13.125,66.5,7.62222222222222,1018
"1130",2016-02-04,16.3636363636364,53,6.94166666666667,1017.33333333333
"1131",2016-02-05,12.6666666666667,70.6666666666667,2.16666666666667,1016.83333333333
"1132",2016-02-06,15.3333333333333,69.5,3.7,1013.33333333333
"1133",2016-02-07,15.625,77,2.7875,1015.75
"1134",2016-02-08,17.0909090909091,67.1818181818182,5.9,1017.09090909091
"1135",2016-02-09,17.7692307692308,67.4615384615385,5.84615384615385,1014.69230769231
"1136",2016-02-10,18.1333333333333,64.8666666666667,2.1,1012.73333333333
"1137",2016-02-11,19.6875,54.75,6.03125,1011.25
"1138",2016-02-12,19.2,57.8666666666667,0.746666666666667,1012.53333333333
"1139",2016-02-13,17.0666666666667,62.1333333333333,5.80666666666667,1014.86666666667
"1140",2016-02-14,17.6428571428571,61.9285714285714,8.07142857142857,1017.21428571429
"1141",2016-02-15,17.6,59.5333333333333,5.94,1018.73333333333
"1142",2016-02-16,18.2142857142857,56.1428571428571,5.43571428571429,1020.07142857143
"1143",2016-02-17,18.7142857142857,59.2857142857143,3.70714285714286,1019.14285714286
"1144",2016-02-18,19.4666666666667,76,5.18666666666667,1017.4
"1145",2016-02-19,23.1538461538462,70.2307692307692,4.14615384615385,1014.61538461538
"1146",2016-02-20,23.625,73.125,11.11875,1014.125
"1147",2016-02-21,21,61.125,17.1375,1014.75
"1148",2016-02-22,21,51.4285714285714,15.2071428571429,1014.42857142857
"1149",2016-02-23,21.4285714285714,50.6428571428571,9.78571428571429,1012.5
"1150",2016-02-24,21.6875,58.0625,2.44375,1012.9375
"1151",2016-02-25,22.5625,57.5,5.3375,1015.5
"1152",2016-02-26,22.8,55.6,2.48,1018.4
"1153",2016-02-27,22.8,59,3.33333333333333,1018.46666666667
"1154",2016-02-28,23,63.0625,3.7125,1018.9375
"1155",2016-02-29,23.875,63.9375,3.7125,1018.625
"1156",2016-03-01,24.9166666666667,57.4166666666667,1.7,1015
"1157",2016-03-02,24.9333333333333,57.0666666666667,1.73333333333333,1015.4
"1158",2016-03-03,26,55.6153846153846,4.29230769230769,1014.61538461538
"1159",2016-03-04,27.3125,44.25,6.14375,1012.6875
"1160",2016-03-05,23.9333333333333,57.1333333333333,11,1012.66666666667
"1161",2016-03-06,22.8125,66.5625,5.21875,1013.0625
"1162",2016-03-07,23.7142857142857,64.1428571428571,5.17142857142857,1012.35714285714
"1163",2016-03-08,23.4285714285714,60.2142857142857,6.74285714285714,1011.64285714286
"1164",2016-03-09,24,57.5625,9.375,1012.0625
"1165",2016-03-10,25.5625,57.4375,7.98125,1013.1875
"1166",2016-03-11,25.0666666666667,67.8,6.54666666666667,1012.53333333333
"1167",2016-03-12,24.5625,66.9375,9.4875,1009.5625
"1168",2016-03-13,24.25,65.1875,6.84375,1011.1875
"1169",2016-03-14,22.375,66,6.275,1014.3125
"1170",2016-03-15,24.0666666666667,58.9333333333333,8.64666666666667,1014.86666666667
"1171",2016-03-16,23.9375,53.75,10.88125,1012.8125
"1172",2016-03-17,26.3125,50.3125,6.84375,1010.4375
"1173",2016-03-18,26.1875,61.25,6.7125,1009.8125
"1174",2016-03-19,26.7857142857143,61.8571428571429,3.57857142857143,1009.21428571429
"1175",2016-03-20,27.1333333333333,58.7333333333333,2.84666666666667,1010.33333333333
"1176",2016-03-21,26.625,43.375,12.2625,1011.125
"1177",2016-03-22,25.0625,37.875,22.1,1009.375
"1178",2016-03-23,26.2,43.2666666666667,10.6416666666667,1010
"1179",2016-03-24,28.1333333333333,46.8666666666667,3.21333333333333,1013.33333333333
"1180",2016-03-25,29.875,50.1875,3.36875,1013.1875
"1181",2016-03-26,24.6666666666667,62.6666666666667,9.39333333333333,1013.6
"1182",2016-03-27,26.25,53.6875,9.15625,1012.8125
"1183",2016-03-28,25.9333333333333,52.8,6.54666666666667,7679.33333333333
"1184",2016-03-29,27.125,47.75,7.29375,1011.3125
"1185",2016-03-30,29.5714285714286,39.7857142857143,7.02142857142857,1011.14285714286
"1186",2016-03-31,30,39.7333333333333,4.33333333333333,1009.2
"1187",2016-04-01,30.5714285714286,38.2142857142857,12.0357142857143,1006.71428571429
"1188",2016-04-02,32.3125,38.5625,5.4625,1008
"1189",2016-04-03,33.3125,44.25,2.55,1008.375
"1190",2016-04-04,32.8125,33.125,8,1006.6875
"1191",2016-04-05,32.3125,29.3125,9.26875,1007
"1192",2016-04-06,31.375,33.125,3.475,1006.875
"1193",2016-04-07,29.9333333333333,37,10.85,1007.26666666667
"1194",2016-04-08,29.2666666666667,36,4.68666666666667,1009.2
"1195",2016-04-09,30.7333333333333,32.4666666666667,12.61875,1009.3125
"1196",2016-04-10,32.25,29,5.225,1008.8125
"1197",2016-04-11,29.8,35,16.04,1009.4
"1198",2016-04-12,30.2,36.2,19.38,1006.33333333333
"1199",2016-04-13,31.75,28.0625,18.64375,1003.3125
"1200",2016-04-14,33.125,23.875,10.425,1003.8125
"1201",2016-04-15,33.625,25.375,9.8375,1004.625
"1202",2016-04-16,35.6875,23.6875,11.1125,1003.0625
"1203",2016-04-17,34.6666666666667,23.8666666666667,9.38666666666666,1002.66666666667
"1204",2016-04-18,34.625,30.125,7.175,1004.6875
"1205",2016-04-19,34,33.6,4.56666666666667,1005.86666666667
"1206",2016-04-20,34.0625,25.9375,14.01875,1006.4375
"1207",2016-04-21,34,24.6666666666667,15.75,1003.4
"1208",2016-04-22,33.25,24.25,8.35,1001.72727272727
"1209",2016-04-23,31.9166666666667,21.8181818181818,19.6538461538462,1001.84615384615
"1210",2016-04-24,31.3125,22.125,10.1875,1003.0625
"1211",2016-04-25,31.75,22.8125,6.95,1005.5625
"1212",2016-04-26,33.4375,25.1875,3.83125,1007.1875
"1213",2016-04-27,33.125,29.0625,4.98125,1005.6875
"1214",2016-04-28,34.1538461538462,21.7692307692308,11.8230769230769,1004.69230769231
"1215",2016-04-29,34.0714285714286,23.2857142857143,9.12307692307692,1005.71428571429
"1216",2016-04-30,33.0625,25.5625,5.2125,1004.8125
"1217",2016-05-01,34.6875,23.375,8.575,1002.4375
"1218",2016-05-02,38,18.4666666666667,9.51333333333333,1002.2
"1219",2016-05-03,35.5,30.375,6.49375,1004.3125
"1220",2016-05-04,33.7142857142857,31.8571428571429,10.4642857142857,1003.78571428571
"1221",2016-05-05,30.6,42,11.2466666666667,1007.46666666667
"1222",2016-05-06,31.4375,37.4375,8.225,1007
"1223",2016-05-07,33.3125,37.1875,4.65,1005.5625
"1224",2016-05-08,35.1333333333333,36.3333333333333,7.29333333333333,1005.93333333333
"1225",2016-05-09,33.5333333333333,40.6,18.425,1006.0625
"1226",2016-05-10,34,39.75,10.55625,1006.5625
"1227",2016-05-11,32.5,49.9375,7.775,1006.0625
"1228",2016-05-12,35.375,40,5.1,1002.25
"1229",2016-05-13,37.2941176470588,28.1176470588235,8.07058823529412,1001.35294117647
"1230",2016-05-14,36.5625,31.875,4.16875,1003.125
"1231",2016-05-15,37.25,29.5,4.75,1003.5625
"1232",2016-05-16,37.2142857142857,23.5,9.02,1000.8
"1233",2016-05-17,37.5,25.8125,9.6125,998.9375
"1234",2016-05-18,37.75,27.625,8.45,997.8125
"1235",2016-05-19,37.375,40.5,9.3875,998.625
"1236",2016-05-20,37.4,44.2,8.41333333333333,996.933333333333
"1237",2016-05-21,36.1333333333333,45.4,10.8733333333333,995.933333333333
"1238",2016-05-22,36.8,44.8,6.55333333333333,996.466666666667
"1239",2016-05-23,32.2142857142857,47.9285714285714,14.95,999.571428571429
"1240",2016-05-24,31.5263157894737,53.5263157894737,8.49473684210526,1000.73684210526
"1241",2016-05-25,33.2173913043478,46.6086956521739,10.1608695652174,997.478260869565
"1242",2016-05-26,35.2692307692308,44.5769230769231,15.1769230769231,999.153846153846
"1243",2016-05-27,38.2727272727273,26.0909090909091,15.3181818181818,999.954545454546
"1244",2016-05-28,36.0625,37.25,14.4055555555556,999.833333333333
"1245",2016-05-29,31.5,57.0625,11.68125,1001.25
"1246",2016-05-30,26.8125,74.8125,9.4875,1003.8125
"1247",2016-05-31,32.6428571428571,51.2142857142857,7.40714285714286,1002.30769230769
"1248",2016-06-01,36,42.2,9.13333333333334,1002.73333333333
"1249",2016-06-02,37.5625,35.3125,11.93125,1002
"1250",2016-06-03,37.5625,40.6875,2.78125,1002.25
"1251",2016-06-04,38.2,42.0666666666667,3.20666666666667,1001.86666666667
"1252",2016-06-05,36.1666666666667,51.75,8.5,1002.83333333333
"1253",2016-06-06,35.4285714285714,45.7142857142857,11,1001.57142857143
"1254",2016-06-07,34.625,59.1875,21.30625,1002.0625
"1255",2016-06-08,36.0714285714286,44.6428571428571,8.48571428571428,999.214285714286
"1256",2016-06-09,35.7333333333333,43.7333333333333,9.26,938.066666666667
"1257",2016-06-10,36.1333333333333,41.8666666666667,10.08125,998.25
"1258",2016-06-11,33.4375,49.9375,8.8125,999
"1259",2016-06-12,35.5,37.125,9.1625,998.8125
"1260",2016-06-13,36,43.3125,12.85,998.1875
"1261",2016-06-14,32.625,55.125,11.86,997.8125
"1262",2016-06-15,34.7333333333333,48.8666666666667,10.5133333333333,996.133333333333
"1263",2016-06-16,33.5,51.2857142857143,11.3928571428571,999
"1264",2016-06-17,34.1875,52.25,7.425,999.428571428571
"1265",2016-06-18,35.8571428571429,50.5714285714286,10.8571428571429,1000.85714285714
"1266",2016-06-19,35.625,53.25,9.3875,1001.375
"1267",2016-06-20,30.9375,73.9375,7.64375,1000.6875
"1268",2016-06-21,32.875,62.1875,8.91875,999.9375
"1269",2016-06-22,33.125,60.8125,7.41875,1001.5625
"1270",2016-06-23,33.8461538461538,51.6153846153846,5.875,999.692307692308
"1271",2016-06-24,36.4375,46.5625,7.7625,998.3125
"1272",2016-06-25,35.4285714285714,55.9285714285714,9.66428571428571,1000.07142857143
"1273",2016-06-26,34.8666666666667,57.4666666666667,7.66,1000.375
"1274",2016-06-27,34.3125,61.25,7.99375,998.866666666667
"1275",2016-06-28,30.7857142857143,75.0714285714286,5.43571428571429,1001.5
"1276",2016-06-29,35.375,58.875,8.45,1001.1875
"1277",2016-06-30,35.4666666666667,60.2,6.79333333333333,997.866666666667
"1278",2016-07-01,32.125,73.4,8.35,1002.5625
"1279",2016-07-02,28.4,80,5.23125,998.375
"1280",2016-07-03,29.5625,78.125,1.96875,998.25
"1281",2016-07-04,30.6875,76.3125,3.48125,997.125
"1282",2016-07-05,33.25,68.6875,5.3375,995.5625
"1283",2016-07-06,33.2666666666667,64.0666666666667,8.87857142857143,996.866666666667
"1284",2016-07-07,33.5,63,5.91875,997.6875
"1285",2016-07-08,30.8,75.8666666666667,5.43333333333333,997.4
"1286",2016-07-09,33.25,66.0625,6.73125,996.75
"1287",2016-07-10,32.5625,65.6875,4.7,996.0625
"1288",2016-07-11,31.5,71.9375,8.04666666666667,997.75
"1289",2016-07-12,30.5,80.1875,5.5625,999.0625
"1290",2016-07-13,31.25,76.3125,6.80666666666667,998.4375
"1291",2016-07-14,30.4375,80.4375,5.21875,998.375
"1292",2016-07-15,31,78.0625,7.27142857142857,998.625
"1293",2016-07-16,27.125,93.875,4.37142857142857,999.875
"1294",2016-07-17,28.125,86.5625,6.6,1001.33333333333
"1295",2016-07-18,27.6666666666667,91.2666666666667,7.65333333333333,1000.8
"1296",2016-07-19,32.3125,69.125,13.65625,999.875
"1297",2016-07-20,34.1875,59.5625,12.9625,999.625
"1298",2016-07-21,34.1333333333333,56.8666666666667,11.48,999.266666666667
"1299",2016-07-22,34.125,56.125,8.6875,999.333333333333
"1300",2016-07-23,31.875,66,7.76875,1001.625
"1301",2016-07-24,31.4375,72.25,2.43125,946.3125
"1302",2016-07-25,31.9375,69.125,2.9125,1001.875
"1303",2016-07-26,30.3125,82,6.48571428571429,1003.125
"1304",2016-07-27,28.3125,88.25,4.29375,1004.625
"1305",2016-07-28,29.5333333333333,81.3333333333333,5.18666666666667,1002.06666666667
"1306",2016-07-29,27.375,92.4375,2.43125,1000.9375
"1307",2016-07-30,27.3333333333333,92.2666666666667,1.86,1001.2
"1308",2016-07-31,29.2666666666667,83.1333333333333,4.7,1000.66666666667
"1309",2016-08-01,29.125,84.25,5.9125,999.125
"1310",2016-08-02,30.6875,72.125,6.375,310.4375
"1311",2016-08-03,32.5625,63.5625,5.45,998.5
"1312",2016-08-04,33.1111111111111,63.8888888888889,7.92777777777778,998.777777777778
"1313",2016-08-05,33.8,61.6666666666667,4.32,999.333333333333
"1314",2016-08-06,30.0666666666667,76,6.92666666666667,1000.8
"1315",2016-08-07,33.1176470588235,65.1764705882353,7.85294117647059,1000.52941176471
"1316",2016-08-08,33.8095238095238,62.3809523809524,9.44090909090909,999.636363636364
"1317",2016-08-09,31.6153846153846,71.6538461538462,9.55,998.5
"1318",2016-08-10,32,71.2592592592593,10.1592592592593,999.37037037037
"1319",2016-08-11,28.1071428571429,89.4642857142857,7.82142857142857,1001.60714285714
"1320",2016-08-12,29.0357142857143,85,3.84814814814815,1002.28571428571
"1321",2016-08-13,30.3214285714286,77.0714285714286,3.22962962962963,1001.07142857143
"1322",2016-08-14,28.9333333333333,83.7,6.37,633.9
"1323",2016-08-15,31.6785714285714,67.6428571428571,12.725,999.285714285714
"1324",2016-08-16,31.3333333333333,66.4166666666667,14.6666666666667,-3.04166666666667
"1325",2016-08-17,29.9285714285714,72.5,6.325,999.518518518518
"1326",2016-08-18,29.8888888888889,79.8148148148148,1.72222222222222,999.923076923077
"1327",2016-08-19,32.0714285714286,68.2857142857143,1.91785714285714,999.892857142857
"1328",2016-08-20,33.1851851851852,66.4814814814815,10.3666666666667,1000.16
"1329",2016-08-21,31.5925925925926,68.0740740740741,10.0222222222222,1001.19230769231
"1330",2016-08-22,32.1851851851852,65.5555555555556,8.23703703703704,1002.88888888889
"1331",2016-08-23,31.48,70.08,6.084,1003.24
"1332",2016-08-24,30.1785714285714,79.2857142857143,8.41923076923077,1002.5
"1333",2016-08-25,31.52,72.44,6.27692307692308,1004.42307692308
"1334",2016-08-26,31.2222222222222,73.8148148148148,4.39259259259259,1005.22222222222
"1335",2016-08-27,31.7857142857143,70.2857142857143,7.15,1006.14285714286
"1336",2016-08-28,33.4,66.24,7.272,1006.2
"1337",2016-08-29,29.5714285714286,82.3214285714286,5.825,1003.60714285714
"1338",2016-08-30,30.04,76.8,8.90384615384615,1002.19230769231
"1339",2016-08-31,27.2592592592593,89.5555555555556,6.72962962962963,1003.03703703704
"1340",2016-09-01,27.96,87.24,4.148,1002.44
"1341",2016-09-02,30.7391304347826,71.7391304347826,13.204347826087,1001.27272727273
"1342",2016-09-03,30.8947368421053,62.6842105263158,13.2631578947368,1001.15789473684
"1343",2016-09-04,31.6923076923077,59.3076923076923,11.1230769230769,1002.92307692308
"1344",2016-09-05,31.0769230769231,60.3076923076923,13.9615384615385,1003.23076923077
"1345",2016-09-06,30.375,55,13.4375,1003.75
"1346",2016-09-07,31.1,57.7,9.1,1003.45454545455
"1347",2016-09-08,31.9166666666667,58,10.8083333333333,1005.16666666667
"1348",2016-09-09,30.5555555555556,56.6666666666667,11.5222222222222,1004.33333333333
"1349",2016-09-10,31.2307692307692,58.2307692307692,11.9692307692308,1005.23076923077
"1350",2016-09-11,31,56.4,8.15,1003.8
"1351",2016-09-12,31.6428571428571,55.5,10.85,1005.07142857143
"1352",2016-09-13,32.5333333333333,57.0666666666667,8.52666666666667,1006.4
"1353",2016-09-14,30.8571428571429,70.3571428571429,4.23571428571429,1006.92857142857
"1354",2016-09-15,31.7272727272727,59.6363636363636,11.9,1004.75
"1355",2016-09-16,31.4,58,3.52,1004.4
"1356",2016-09-17,32.3076923076923,58,2.70769230769231,1003.15384615385
"1357",2016-09-18,32.25,58.8333333333333,17.9083333333333,1005
"1358",2016-09-19,32.375,59.4583333333333,2.0875,1004.70833333333
"1359",2016-09-20,33.4444444444444,54.0740740740741,2.56923076923077,1003.51851851852
